{
  "AT": 0.8117527650500,
  "BE": 0.8117527650500,
  "BG": 0.7910587197419,
  "HR": 0.7910587197419,
  "CH": 0.8000000000000,
  "CY": 0.7830270745196,
  "CZ": 0.7910587197419,
  "DK": 0.9268925319949,
  "EE": 0.7910587197419,
  "FI": 0.9268925319949,
  "FR": 0.7404726703260,
  "DE": 0.7730160575243,
  "EL": 0.7830270745196,
  "HU": 0.7910587197419,
  "IE": 0.8117527650500,
  "IT": 0.7830270745196,
  "LV": 0.7910587197419,
  "LT": 0.7910587197419,
  "LU": 0.8117527650500,
  "MT": 0.7830270745196,
  "NL": 0.9547310295759,
  "NO": 0.6000000000000,
  "PL": 0.7910587197419,
  "PT": 0.7830270745196,
  "RO": 0.7910587197419,
  "SK": 0.7910587197419,
  "SI": 0.7910587197419,
  "ES": 0.7830270745196,
  "SE": 0.9268925319949,
  "UK": 0.7787913027740
}
