{
  "AT": {
    "Heating": 0.052336939,
    "Cooling": 0.066569009
  },
  "BE": {
    "Heating": 0.052336939,
    "Cooling": 0.066569009
  },
  "BG": {
    "Heating": 0.093174123,
    "Cooling": 0.101607944
  },
  "HR": {
    "Heating": 0.093174123,
    "Cooling": 0.101607944
  },
  "CH": {
    "Heating": 0.125,
    "Cooling": 0.07
  },
  "CY": {
    "Heating": 0.06832868,
    "Cooling": 0.306225727
  },
  "CZ": {
    "Heating": 0.093174123,
    "Cooling": 0.101607944
  },
  "DK": {
    "Heating": 0.12623621,
    "Cooling": 0.042498124
  },
  "EE": {
    "Heating": 0.093174123,
    "Cooling": 0.101607944
  },
  "FI": {
    "Heating": 0.12623621,
    "Cooling": 0.042498124
  },
  "FR": {
    "Heating": 0.168828169,
    "Cooling": 0.160298838
  },
  "DE": {
    "Heating": 0.036377165,
    "Cooling": 0.019924215
  },
  "EL": {
    "Heating": 0.06832868,
    "Cooling": 0.306225727
  },
  "HU": {
    "Heating": 0.093174123,
    "Cooling": 0.101607944
  },
  "IE": {
    "Heating": 0.052336939,
    "Cooling": 0.066569009
  },
  "IT": {
    "Heating": 0.06832868,
    "Cooling": 0.306225727
  },
  "LV": {
    "Heating": 0.093174123,
    "Cooling": 0.101607944
  },
  "LT": {
    "Heating": 0.093174123,
    "Cooling": 0.101607944
  },
  "LU": {
    "Heating": 0.052336939,
    "Cooling": 0.066569009
  },
  "MT": {
    "Heating": 0.043197882,
    "Cooling": 0.243692947
  },
  "NL": {
    "Heating": 0.017357134,
    "Cooling": 0.050748463
  },
  "NO": {
    "Heating": 0.18,
    "Cooling": 0.055
  },
  "PL": {
    "Heating": 0.093174123,
    "Cooling": 0.101607944
  },
  "PT": {
    "Heating": 0.06832868,
    "Cooling": 0.306225727
  },
  "RO": {
    "Heating": 0.093174123,
    "Cooling": 0.101607944
  },
  "SK": {
    "Heating": 0.093174123,
    "Cooling": 0.101607944
  },
  "SI": {
    "Heating": 0.093174123,
    "Cooling": 0.101607944
  },
  "ES": {
    "Heating": 0.06832868,
    "Cooling": 0.306225727
  },
  "SE": {
    "Heating": 0.12623621,
    "Cooling": 0.042498124
  },
  "UK": {
    "Heating": 0.103276519,
    "Cooling": 0.129034349
  }
}
